sex,bmi
0,4.1025387892488
0,1.72538438268325
0,1.61983482915676
0,3.25555118781578
0,1.57548486317456
0,-1.35647518774293
0,-3.4173828665282
0,-4.24235276147422
0,-1.11059694564696
0,0.201942678648318
0,-3.84312272392052
0,3.6558641525723
0,2.8528982528862
0,-2.23511753120631
0,0.0266940494420943
0,7.44347035768245
0,-2.72129243862763
0,-5.12477094413006
0,-1.85906107272957
0,4.79763606302807
0,-1.63033886517863
0,-0.0943303450677401
0,-3.00720012320365
0,0.910746894670747
0,-2.3406857434579
0,-2.96471611114497
0,-4.21938031159505
0,1.79414853047744
0,-2.34925340310041
0,-3.2300173222481
0,2.8963490694773
0,-2.43097060766895
0,-3.97877180988739
0,-0.907630441029712
0,-1.26528821597254
0,0.556530691304341
0,-3.81694626822018
0,-4.45259694099998
0,3.08669113872471
0,-1.04903822289204
0,0.0431094349957466
0,-1.08011059603924
0,-4.42028357558926
0,7.44347035768245
0,-1.48702523423347
0,-2.62724643128415
0,-3.85186109608373
0,-3.93548150467656
0,-2.98254728758916
0,-4.29498990548234
0,-1.8804414824639
0,-1.14039327498141
0,-3.42556083028272
0,-1.85860898949932
0,-2.72229872311843
0,-2.85990777027703
0,-0.235731601508879
0,0.401090562424321
0,2.46968478457234
0,-4.63009237147032
0,-4.04938491590901
0,-3.92351438729768
0,-3.07865507888339
0,2.63132057089997
0,-1.33061400200234
0,-3.51852197075813
0,0.350535595398587
0,-4.25216910237255
0,-2.52066884442437
0,3.74794676481326
0,-0.841839158053028
0,1.11233977780686
0,-4.71785547941725
0,-5.08310668661541
0,-4.80288507292855
0,-0.420984031201401
0,-4.11268329198064
0,-3.96986291062052
0,-0.130650653967105
0,-1.69355599428975
0,3.81724645032417
0,-4.72677339138653
0,-3.64745485004717
0,-0.362858956688518
0,-2.92672347435422
0,-0.120527251392579
0,1.77454660745874
0,-1.86423757979043
0,0.0387183258645647
0,-4.29883124881637
0,-1.16781490709446
0,1.87079461124794
0,-3.87786321276618
0,2.26796223278094
0,-3.62766785373573
0,-1.73312106740658
0,-4.24618572581388
0,-2.04787292602654
0,-2.73794123259375
0,-2.04120377431939
0,4.53494340134408
0,-1.90804531827657
0,-1.57097724978609
0,-2.7537966537903
0,-4.6508005626831
0,-0.393007281091361
0,-1.50744731115081
0,-4.66879399243572
0,1.68133631324608
0,-1.70972376403161
0,-3.89510241572159
0,-0.98617380653472
0,-3.89484946070511
0,-3.10665043110675
0,-3.79967943398283
0,-3.58148892710225
0,-2.34704328891762
0,2.2651130869064
0,-1.13542047956095
0,-0.476734165845203
0,-2.06468382517628
0,-5.01466752025274
0,-4.29708772512672
0,-2.81372951783287
0,3.92611599557133
0,-5.34999101292792
0,-3.07931152028673
0,-1.80532626401695
0,-3.61542143228129
0,0.187427265216021
0,-5.29297981255902
0,-2.79887143641914
0,-2.92354505088862
0,1.78767472349699
0,0.0206592982080358
0,-3.57074103196096
0,0.0914726685801991
0,-2.06364366844721
0,-0.145982091470622
0,-2.16141043080884
0,0.337566694792903
0,-1.19945118601421
0,-0.193764530031323
0,-3.98181768077535
0,-1.96718976777237
0,-2.81953056011805
0,0.139415660492719
0,-0.262101238580141
0,-2.56022279279511
0,-2.42131111049391
0,-4.86846290860335
0,-0.356032270180151
0,0.436046973434497
0,-3.72632358559858
0,-2.65946561118614
0,-3.61270979327283
0,1.7008832192898
0,-2.41914711990027
0,-4.11128416657858
0,3.35092231232998
0,0.329431650572817
0,-2.72005027395509
0,-4.53970427370911
0,-0.618425731708966
0,-4.01746248293134
0,2.03559838173118
0,-0.400724203804612
0,1.16356796385617
0,-3.69998627297522
0,-2.70395359191641
0,0.350302676250217
0,1.57173433946301
0,-2.11912849195314
0,0.159625590578667
0,-0.904942707761744
0,-4.22683546651753
0,1.67175443192671
0,-3.25215961958244
0,-0.79366246514365
0,-1.08715842620399
0,-2.32268418543799
0,-3.59051222232804
0,-0.673135912725458
0,-2.85879346304521
0,3.08322383890382
0,0.132684674832877
0,-2.74197331878951
0,-0.542690456783505
0,1.44853233827056
0,-4.1166851394105
0,-2.39973016066763
0,-0.68115670805833
0,0.54705326589792
0,-2.19156106676796
0,0.495794742212287
0,-2.5611445892586
0,-3.15480558633158
0,5.84423872611921
0,4.24770016357609
0,-0.610237167299242
0,-1.91990865043516
0,1.18413310590157
0,-4.49400663429567
0,-5.94376904758246
0,-1.71276222268246
0,-2.49700678820597
0,1.88525964245804
0,-4.58907588814219
0,-2.25968088177202
0,-4.29892819626678
0,-3.76675619044316
0,-3.78198911034513
0,5.87495266186186
0,-4.10781393120987
0,-2.31514451151528
0,-3.3588497914582
0,-0.366022829476964
0,1.49090824113782
0,0.0220793982998228
0,-2.27605964290716
0,-4.65466669610901
0,2.51350725496563
0,1.0266624087679
0,3.87657515756782
0,-3.93289845230085
0,-4.52592034108135
0,-3.06306462116106
0,-4.73426583293241
0,-3.99608445407322
0,-1.1279794493575
0,-3.29357126758881
0,-0.0365824551911589
0,0.0436081139748697
0,5.89990336249773
0,-3.32964099678568
0,-1.19276633658113
0,2.89957191273563
0,-1.41060681213141
0,-3.06446543192359
0,-3.03055290739162
0,-2.36350158670327
0,-4.17188435136679
0,0.00718439834761533
0,-3.66685730900945
0,1.97463773312592
0,-2.6877594091018
0,1.46434269059393
0,-0.0771110267470213
0,-2.19478420696666
0,-0.773673173801101
0,0.642348607012935
0,-0.833704684638199
0,-4.70419365595981
0,-0.681318022518023
0,-2.14954910046061
0,-4.26437534458139
0,-0.142826903453824
0,2.07644547484361
0,-0.738807293261863
0,0.138543468670522
0,-2.29493236005365
0,-2.23737591402504
0,1.27759222654798
0,0.0346670071849982
0,-0.0562769989424627
0,-2.56922107094482
0,-3.63429362502049
0,0.796703072728283
0,-3.22920352132746
0,-3.64978934623662
0,-2.8061891386862
0,-3.1883685810325
0,-1.08291276048692
0,-4.2114865004849
0,-0.191752507388849
0,-0.615900144895975
0,1.55200888568661
0,-0.461666820134666
0,-0.0146194881726527
0,-4.0805314758273
0,-2.01335650075793
0,-2.07916444561092
0,2.72478144963947
0,-2.72151941284104
0,1.58582273083679
0,-2.44449655532295
0,-0.737082140962204
0,-1.52805360317831
0,-1.27943841138596
0,-1.37532692962104
0,-3.86934741387689
0,0.531738345491349
0,-1.28320364194412
0,-2.1572433953191
0,2.88769414152277
0,0.694178026564399
0,-0.771553063962572
0,-1.8483676458127
0,-2.57140344184465
0,-1.77370406695404
0,4.190495511059
0,-1.87417007163188
0,1.98361972230518
0,-1.25654811351846
0,-3.28401793649495
0,0.514112963943512
0,-0.974419942741013
0,-3.43905083147583
0,0.289978880231986
0,-4.18561006513459
0,-3.33803402280589
0,-4.85155490947353
0,-1.47890148292611
0,-0.670329914026317
0,-2.83318894934891
0,-2.14761848256685
0,-0.201831338876692
0,-2.25725468716444
0,1.39815253889249
0,-1.7834651490912
0,-4.29826490914751
0,-0.623566301595814
0,-1.55544047463994
0,-1.10733527463346
0,-3.24744317244104
0,-3.5663612362263
0,-2.85680916017098
0,2.05383611773555
0,-1.23960878772584
0,7.44347035768245
0,1.89136503363095
0,-1.54897180439198
0,-3.03840640178192
0,-0.446445178016674
0,-3.27350646413903
0,-3.76647012612842
0,1.67696132097771
0,-2.81382260920674
0,-2.75748620263588
0,-1.8883892472921
0,-4.57637812150237
0,-6.03136857430839
0,-2.43470274510611
0,4.40736255920909
0,-3.25158510868849
0,-4.40434066619133
0,-1.86808897643288
0,0.436994718263675
0,-4.04802913246665
0,-0.110150899149517
0,0.65126581877708
0,1.07185431789076
0,4.98444474650168
0,1.1159044101248
0,3.73942859554311
0,-1.73669353571561
0,-3.7366145894377
0,1.69680068104361
0,0.996365434785806
0,-5.09609788988953
0,-0.355677203370496
0,-0.292616930757273
0,2.2133656511321
0,2.14037394719913
0,-1.49295902593088
0,-0.884880578551501
0,0.37045598164673
0,-1.11703259131263
0,-1.87917739636946
0,-0.201469998016709
0,3.2863335239691
0,-0.662878867729027
0,1.00022023708039
0,5.4192180618146
0,-3.78219398107777
0,1.04863666694619
0,-3.73929827979026
0,-4.51396425151962
0,-3.68505491014221
0,1.82162347028466
0,-4.34209070811382
0,2.27976873499644
0,-3.98448410021005
0,-3.17937421194728
0,-4.34014959541166
0,-4.00098251631574
0,1.45555762123817
0,-5.27542389755275
0,-0.25856128701575
0,-3.50088355646576
0,-3.6732090443426
0,-1.96535940566973
0,-2.58504143878463
0,0.273160245352295
0,0.308616655378192
0,-1.03545450152312
0,-2.00124567162399
0,-4.83264935544935
0,-3.67319892587009
0,-1.35281120228132
0,-5.19393462750689
0,-1.07132897298033
0,1.50064373700543
0,-2.51431810008458
0,-0.957994618276771
0,0.266093466358681
0,-4.50346839324351
0,-0.772383365305977
0,-4.33331161419931
0,-2.21481768716745
0,3.83224797559203
0,-0.663190727385662
0,-4.71776124423145
0,-0.434190647496162
0,-1.93468719925595
0,-3.11023342421394
0,-0.485502643528851
0,1.96458534966856
0,-1.05217747676243
0,1.15496307546611
0,1.27763874307215
0,-0.145930031266966
0,-5.15754256743168
0,4.94259927316893
0,-4.27411458749588
0,-2.32967022525179
0,-0.175745159010775
0,-2.06548156205242
0,-3.54801999852317
0,4.08060541220805
0,-3.91863427221125
0,-0.696701582721383
0,-0.395479968358405
0,-0.479504547443712
0,1.18150289949933
0,0.00716397943731859
0,0.967406872188644
0,-1.61803164873103
0,-1.60946312549324
0,-3.91338676605562
0,-0.909372352399739
0,-2.25869147784854
0,0.0617807047401754
0,-0.167092191253595
0,-4.4921334643088
0,0.340035833040179
0,-1.4516185469114
0,-3.77793688391148
0,-0.773057782889477
0,0.554391880295281
0,-3.0369988846613
0,-5.24090920338969
0,-1.37644144665654
0,-1.12357827058803
0,-0.47539687555465
0,-0.876321311417716
0,3.2354787758352
0,3.17910110832698
0,1.40269165220165
0,-4.21129768541327
0,-0.865902759848894
0,-2.08129274073352
0,3.12842554087799
0,-4.57472496246864
0,-0.379012553266466
0,-1.44769465831314
0,5.06329544999776
0,-3.7993736610946
0,-2.18986106793146
0,0.789505677272099
0,3.70959713355715
0,-0.440020847463541
0,-0.975677291947342
0,-3.85877595652351
0,-1.27139302175475
0,-2.33006081547208
0,3.94452559549269
0,-0.8196220037939
0,-4.62812627244353
0,-1.43627613047145
0,-4.02121898024462
0,-4.12274463425587
0,-2.70777271104859
0,1.24747412739638
0,-0.90901941456419
0,-3.77253775468262
0,-4.02707963090927
0,3.06726777069354
0,1.21209492006227
0,1.8293003079718
0,0.182262467773442
0,0.509498780054218
0,3.17965771772074
0,-3.41641978478729
0,-1.31455235394531
0,-1.37117427611369
0,-3.17945770853145
0,0.261287569738744
0,-3.06433811759137
0,-4.41014481874995
0,-3.52847352455176
0,-4.86254317596334
0,-3.37669123099622
0,-0.367990002619219
0,3.89240155925442
0,-2.15179162543172
0,-5.35871477033774
0,1.86686576143405
0,-4.85446949263158
0,-1.9653217110863
0,-4.92644348332508
0,4.60664886685821
0,1.16730213784366
0,-2.32337193652824
0,-1.69472058644041
0,-3.0409659475001
0,-3.43146708873481
0,-3.44900025757236
0,-4.66711938414405
0,-0.206862171270476
0,-2.49794037589148
0,-0.358280156731186
0,-0.138656610349357
0,2.1926554291495
0,-1.15369768596879
0,-4.94836239971373
0,-0.658486481537817
0,-3.64948372153825
0,-1.94268414745267
0,-1.70253657276439
0,-2.8686780225594
0,-1.25415343333729
0,-1.84646242434332
0,1.98774536758208
0,-0.53381618208743
0,5.49448769170056
0,-3.40843395493959
0,-2.20696620076797
0,-3.04692867479462
0,-1.09893131544527
0,-2.36380607878259
0,1.88885303458404
0,0.11923298747991
0,-4.18783271511214
0,-5.44976258179506
0,1.77642766275577
0,-4.27609089810292
0,-2.59824997615265
0,1.79896990255694
0,2.745600657081
0,2.23257579533344
0,-3.60744394169938
0,-2.99802935127852
0,-3.4798543403449
0,-1.39062008230411
0,-2.49855216444103
0,1.17683964822678
0,-4.3980212122878
0,-2.60521350822425
0,-3.35836341337669
0,2.57319867970921
0,-4.45764131351787
0,-3.72218270043596
0,-3.50707452883238
0,-3.35151743607944
0,-0.820478784122581
0,-2.48506794426469
0,-3.54145580929944
0,0.144610796993187
0,1.35256343918748
0,-2.94997050476464
0,1.87626630227114
0,-1.24357377664745
0,-3.74138620678715
0,-3.3017868204084
0,-2.68914948036642
0,3.18154020632835
0,-2.47784575614756
0,-3.84963613213401
0,-1.94419515901797
0,-0.880565311061683
0,-5.2228465587805
0,-4.2786633293881
0,-3.74278320941381
0,1.28427872911043
0,4.58814534299582
0,-1.46612359328064
0,-0.521540910968968
0,-1.17835594775191
0,-3.89470486277194
0,-4.01205232830757
0,-1.86265365351831
0,-3.41071787237937
0,-2.32759989347184
0,2.32427879202126
0,-1.31346358983566
0,2.90220197111982
0,-2.49049674400642
0,0.6944360723306
0,-0.443271155352692
0,2.13502653998056
0,-1.30100248432594
0,-2.11018125997182
0,-4.56737700604653
0,-4.37667534107635
0,-4.59658451423193
0,-3.18648808237367
0,-3.51089947615956
0,-3.28762274009109
0,-4.70369051275994
0,-0.671094654433495
0,-4.14563548053203
0,3.09372828582283
0,-4.31983309608691
0,-3.67166885028759
0,-4.03962109950822
0,-2.62845614735092
0,-0.789796206605641
0,0.447190320779795
0,-4.6931546030152
0,-0.036808219545765
0,-4.46872196499781
0,-1.48974205541381
0,0.515758920847861
0,-2.7780000498881
0,-3.4197652719766
0,-0.529383662194551
0,-1.35745200026339
0,-2.62208003436269
0,-0.472378020594547
0,-4.01025742341327
0,-2.48694865506979
0,-0.373770172704294
0,-3.75048981679298
0,0.592023803450509
0,-0.965843345794525
0,-1.88069418167484
0,-2.66085736762544
0,-3.96835125221077
0,1.61206460755219
0,1.37329429784043
0,-3.09536558601019
0,-4.99655968197579
0,-3.77248720996521
0,0.604894603460373
0,-4.6592072540204
0,-2.03348466071944
0,-2.75838999723752
0,-3.17482942250505
0,-2.7237277235785
0,0.53688133874936
0,-1.81526773151776
0,1.35971605431323
0,-3.4915312305122
0,-2.93163223186386
0,-1.08722684838534
0,0.263736107999944
0,0.935755564197767
0,-5.45690448973528
0,-1.47011279726002
0,1.97670895704136
0,2.77750630645758
0,1.08426704044287
0,1.58962158143441
0,-2.15092471179712
0,0.779289665961172
0,0.361521512497214
0,0.208318064907583
0,-0.545417518937808
0,-0.812582390972284
0,-3.72310559824169
0,-4.43292682951022
0,-3.977682599809
0,-3.38514302794836
0,-3.59236272255957
0,-2.41893454968409
0,-0.343343678080087
0,-3.03121779239091
0,1.79485587244267
0,-1.48666933261344
0,-0.11213468854372
0,-4.02782497079787
0,-5.11878986156439
0,-1.35557439096416
0,-3.1290030043044
0,-2.00701935609593
0,-3.31765382510338
0,-2.30000966548554
0,1.04455981680701
0,-3.09815070444946
0,1.35569709135297
0,-4.12563802566305
0,-0.540449207889244
0,-4.31321755827919
0,-2.45896540716565
0,6.20108541926462
0,-0.221607172069242
0,-2.30924726666593
0,-0.215691991498588
0,-4.38204666290825
0,0.812979596544968
0,-0.260215808212852
0,-2.266925924731
0,-4.89398990905372
0,-1.31922240244998
0,3.02470606585461
0,1.91456358754545
0,-1.68629562077053
0,1.4684921513172
0,-5.98463417091465
0,-2.83426265327906
0,3.24560990173167
0,-1.80406874672488
0,-1.28739176115359
0,-4.90331060817911
0,-3.73311635728309
0,-0.0332163161847188
0,-1.55378561535496
0,3.5728742314215
0,4.67263999482554
0,1.18962697335482
0,-1.49038649053302
0,-0.301438514328895
0,-2.80380040080583
0,0.0756924531951161
0,1.49188960562201
0,-0.348094354253884
0,0.441021316547399
0,-4.85393422463038
0,-2.54953877508759
0,-0.979613136851261
0,6.79768937638826
0,-4.60542935489204
0,-2.60516400513349
0,-3.85971232456703
0,-0.192983306272445
0,-2.0419043368949
0,-5.21335528339704
0,-3.85549669834831
0,0.658945228903314
0,-3.19289296028845
0,2.31410085635232
0,6.26248147678818
0,4.49288335126496
0,-4.1880855013034
0,-2.46212949641845
0,-2.53441465864873
0,-4.77052151019987
0,0.0205686247857823
0,-2.49678057799012
0,-3.29675715696337
0,-1.14084041707975
0,-2.21727342965604
0,-4.69072526622542
0,-3.66467934625685
0,-2.88519602594001
0,-3.70461314021865
0,-3.8444739717965
0,-1.57989944531438
0,-5.93418251601891
0,-4.20839082296112
0,-4.26204272072819
0,-3.82868928785067
0,-2.06804536677471
0,0.554471960379699
0,-1.89495073527409
0,-0.865817298390643
0,-1.53406537506858
0,-0.584307859814262
0,-5.25946683382925
0,2.12753636861446
0,-3.06564400023247
0,0.163164986247357
0,-2.565161448618
0,-0.646483017473511
0,-2.87378112304689
0,1.15002611801756
0,-1.96675944032837
0,-3.33097360108312
0,-4.13487369101112
0,-1.54071552465704
0,1.99083457589548
0,-0.862164095852249
0,-0.0589841476003868
0,-4.95134444047197
0,0.316429331390081
0,-6.21522540824388
0,-4.12757623552648
0,-5.85999887406295
0,-3.91496199665278
0,-1.32854252184211
0,-4.46821857163048
0,1.406259538379
0,-1.31646694979576
0,-4.60085240059214
0,-3.21910933916549
0,2.71336690171242
0,1.6874103733409
0,-3.92233176056827
0,-3.86055390145723
0,-1.22024414572524
0,-4.16004880576951
0,-2.28961811771965
0,-2.00910901751419
0,-2.87520508735274
0,-2.2579191506275
0,-4.7899576222924
0,1.67185624644551
0,-4.07049018468678
0,-3.32982046599038
0,0.731896871197664
0,-1.45989334378574
0,-1.57650039798987
0,-0.464352022630181
0,-3.44708172684656
0,-5.45776537153709
0,0.40464941158076
0,-4.20264779858823
0,-2.99668508964753
0,-3.93713188880785
0,-2.84840891718338
0,-3.99346410230618
0,-0.205156960766582
0,-3.69810330868711
0,-3.21943094650318
0,-4.92861892665273
0,-0.0105690164227799
0,-3.47746421910177
0,-1.13904701901108
0,-1.6646958852165
0,-3.26652030158517
0,-4.60570706285227
0,-3.37043034166252
0,0.727920880369433
0,2.09724439142539
0,-3.75245926795239
0,-4.17826507985864
0,-2.92474862257052
0,-3.09405936778163
0,-1.79724485011038
0,-0.81624915488662
0,-4.33494711321051
0,-0.753336677028338
0,0.513368076042111
0,-1.00703944294571
0,-1.89993363051111
0,-0.247679746856558
0,-4.27819870206304
0,-0.830726764444419
0,-1.24876319867794
0,-2.49750557185628
0,-4.75393297830403
0,7.44347035768245
0,-4.10876772077883
0,-2.90610295056375
0,-0.851762812602006
0,-1.39481993377799
0,3.3687899608468
0,-2.61283198974296
0,-0.780354614099898
0,0.340537045125097
0,0.564546441037773
0,-4.86127727934341
0,-3.62960600065809
0,3.99182692663925
0,1.34353912561849
0,-2.36674559601371
0,-2.98349594547017
0,-0.175131148533675
0,-2.97560405244348
0,-3.23585791457819
0,0.782400665024594
0,1.63750463216773
0,-1.67357001527456
0,-1.6681248952596
0,-3.72745462472648
0,-3.82319257743906
0,-4.10216866971494
0,-2.92847605464106
0,0.88602762845325
0,0.47874962272768
0,-3.83251403997784
0,-2.84946344083715
0,-2.99019607964044
0,-3.22756719556015
0,2.94734747588164
0,-1.44095645450217
0,-1.24540589938058
0,-2.95283135443246
0,1.76983376096597
0,-1.08485760057635
0,-0.832854288168222
0,-4.24033007018822
0,0.722223636649003
0,-3.90459050171927
0,-4.13848997016128
0,-0.855870310665147
0,0.20661242797548
0,-5.56892846228244
0,2.90186826903092
0,-4.36169439709185
0,1.21193358924729
0,-3.4532772241429
0,1.11366208316913
0,-3.08970380923052
0,-2.5931858227477
0,-1.70347793571048
0,-4.8982074062099
0,0.051208418135561
0,-2.84665750877089
0,-2.30006044805242
0,-1.02384832547566
0,-2.98125186973635
0,-4.42392756824056
0,1.46791537406175
0,0.318899174795468
0,-4.6521110267287
0,-1.97874577570187
0,-2.30462630577979
0,-1.98363703714271
0,1.0004013839856
0,-4.24792530855026
0,-4.50245078633653
0,-3.02905651485339
0,-1.30104263545425
0,-1.64408244675623
0,-1.56691102718807
0,-3.47940154516594
0,1.8691260782063
0,-3.49914281845103
0,-1.68860558682791
0,-3.71097440594681
0,-3.50009993501683
0,-3.1119870101673
0,3.11599036700692
0,-3.20369820374412
0,-0.202983935660085
0,-1.43447472034183
0,-1.15680356077414
0,-0.0810045635538801
0,0.963207773218527
0,-3.26550245675456
0,-1.18227922195563
0,-2.36198065703063
0,-3.15986862657688
0,-3.2002184138867
0,-4.88627169209368
0,-4.75385856227822
0,-2.63060253829546
0,-2.32494404524561
0,-4.90502697117843
0,1.55378181658322
0,-5.54607417624975
0,-5.41585695488507
0,-1.82555563053941
0,-1.25100426953935
0,1.17559754827173
0,0.872606726608202
0,-3.98361322487146
0,-3.01987450521116
0,-0.905033150244006
0,2.01425639053971
0,-5.1998796164102
0,2.5608150495392
0,-1.76623985128756
0,-0.290945879751028
0,0.693801741783764
0,-1.41680594617425
0,-1.63596778323542
0,-2.24264276345988
0,-2.71645055128448
0,7.03113294324787
0,-3.21108264795605
0,2.59517884473611
0,-4.21807062812901
0,-2.83996190575586
0,2.64107571026494
0,-4.71687354174937
0,-2.5024643652681
0,1.17608069888612
0,2.28513226449685
0,-4.38514342653492
0,-2.21987787143765
0,-1.13890159271423
0,0.97375097648787
0,-1.60428523373683
0,2.88558003281337
0,-2.75862548033788
0,-2.32986764217193
0,1.05638403364934
0,-3.8634592717102
0,0.738622673995866
0,-1.12823572667594
0,1.07718846302671
0,-2.23388698597281
0,-0.988735978410785
0,1.13433737874415
0,-3.63391543673037
0,1.48967603533624
0,4.22129529533568
1,-1.32421748296027
1,-3.75472456376752
1,1.69407521469536
1,-1.24638456956187
1,-1.66524480203059
1,-0.970633513568585
1,-0.198297870064207
1,0.340321958303674
1,1.64120400124416
1,0.839295917409048
1,2.57025186921895
1,-0.577720362207459
1,0.771657014591855
1,1.43797109430844
1,2.24209287214035
1,2.69002472653177
1,-0.00480145736062381
1,2.31241983938282
1,0.993024957928081
1,1.11573562897808
1,-0.428306387088331
1,-0.0227568563875797
1,0.450260723360992
1,2.57453517631578
1,-1.3848132946169
1,-1.20237903733581
1,-1.21104556214836
1,-0.319916540087602
1,-2.11573591293161
1,-3.27420485513445
1,-0.485636346291333
1,0.689068049451206
1,1.31170006084402
1,-3.16267810404199
1,-0.558462516848772
1,2.03979893717991
1,-0.933475620106905
1,3.63744161847489
1,-1.01634152027928
1,5.57707726139974
1,3.58510907746121
1,-0.392553349691421
1,7.44347035768245
1,0.60947434073129
1,0.260840407946592
1,1.49706989666606
1,2.02087191495625
1,0.36566123122906
1,-2.16572042390265
1,0.984358147244841
1,3.36136597639449
1,-4.12914876436805
1,-0.180130990624489
1,3.97187556233818
1,3.83593117256728
1,1.17160357961766
1,1.42792145664578
1,-1.48726746153686
1,7.44347035768245
1,0.0634940626143135
1,-1.22924336792401
1,0.803461796600899
1,2.38256773840662
1,1.7458172881594
1,7.44347035768245
1,-1.02834654152764
1,0.156583334251119
1,2.57416241482172
1,1.90186694806651
1,-3.55175329284227
1,-3.18056860513729
1,2.32148471228105
1,0.325946552590693
1,-1.3729645466889
1,-2.0719929727176
1,-2.36501743838912
1,-0.0727266013473924
1,1.14424554572324
1,-1.25870785918911
1,4.91618616761764
1,-0.742892971532221
1,-2.82521222409065
1,3.64547462323634
1,4.01859505968709
1,2.16283029207108
1,2.00100891255119
1,-0.878243259897584
1,1.55737324565612
1,4.27894971132133
1,5.07329310981324
1,-1.34865310075663
1,4.28427683684547
1,1.3234223430929
1,-4.39251758238547
1,2.15163317874683
1,0.266119239479299
1,2.50872675318694
1,-2.92045319723476
1,-1.32979540329441
1,0.191426528016406
1,-1.52315482058936
1,0.834249949140604
1,1.1552561201124
1,1.35000247331342
1,0.6469640458799
1,6.56364527185453
1,1.44977022108016
1,-1.81903224969789
1,0.138774417121701
1,4.54564844866837
1,-0.642136134745492
1,2.48307790640061
1,-0.229115389451206
1,-0.020631264415216
1,3.76365856302818
1,0.987203951405246
1,-1.20349588789831
1,0.40117046472503
1,2.5129110597286
1,1.03300735178144
1,3.63361454718258
1,0.249379181004929
1,7.44347035768245
1,0.896315347717385
1,-1.84562536643363
1,0.527736855472417
1,-3.04479640404595
1,0.69075536441973
1,4.93950295281096
1,-0.661554397458036
1,3.95359340813387
1,2.60549146400656
1,1.98923006836667
1,-0.894190965263291
1,-0.572076487830476
1,1.86255074249913
1,0.620897717111762
1,0.232516920225281
1,-0.745268659943684
1,-0.0974997321296439
1,3.62231090395628
1,0.788463673898222
1,0.79414943231555
1,-1.61929372369171
1,-0.212641554508243
1,-1.47441328305863
1,-1.68556354816543
1,0.101946877788925
1,-1.68175128664911
1,-1.57823250118247
1,-1.96268800317921
1,-1.47188593385763
1,3.19013883830063
1,1.69489296628033
1,0.0840518262417349
1,-0.962072814867608
1,-1.28156578205706
1,-2.03482827848432
1,-1.66728118096546
1,-0.577655480539537
1,-0.936068586036415
1,-0.525205184398541
1,0.300962524927699
1,-2.95811698391022
1,1.28371825405125
1,4.52308103730878
1,0.885690065604584
1,-0.363444219121577
1,0.345056457322166
1,-0.202247264947128
1,1.60910500498262
1,-1.23332127412031
1,-0.159141634464052
1,-0.392307709598453
1,-1.22941305138367
1,7.44347035768245
1,-0.277342409992234
1,2.12614711189776
1,-3.246129620583
1,-3.95480228003826
1,2.44602865977046
1,5.09642777702624
1,1.83559976302086
1,-1.35954111052259
1,-0.712815431875308
1,2.26344838615289
1,-0.729428597170079
1,4.70851805660356
1,-0.417091084115617
1,0.57877008326312
1,1.5600141437442
1,-2.78371327628216
1,-1.23249277571723
1,1.8944550321744
1,0.877834866539219
1,-1.48501618543351
1,0.581117442093601
1,3.13681881360005
1,6.98691449084932
1,5.22663750406449
1,1.04111220214671
1,2.95942033638816
1,-1.94929664998491
1,2.05451967014895
1,4.13130391500002
1,0.771163477466559
1,-1.94117549296915
1,0.846408693285136
1,-1.76967539542466
1,4.13090529334499
1,-2.54805438414915
1,-0.883196363664405
1,-0.539310570560162
1,-2.01524771773036
1,0.391378828172092
1,0.134892803786234
1,4.38293987158313
1,-1.6411957380272
1,0.482449401302602
1,4.32853004859206
1,-2.30009828033841
1,-1.94292519135451
1,2.75758325254467
1,3.67419075129089
1,-0.851270953224766
1,-1.38533073540178
1,-3.21815120231935
1,2.79958548503181
1,2.42830733807205
1,0.316611887240063
1,1.66359521737112
1,-0.529834939480925
1,3.23650825643308
1,0.911412483868428
1,-3.64031096109204
1,2.09274934629114
1,2.15682592387033
1,-2.91544735302606
1,-0.217855697123795
1,-1.82290610364406
1,0.320653780993313
1,1.50098574264734
1,-0.970567367456564
1,0.876629284766446
1,-3.19124945805049
1,1.63892855154907
1,1.10196621261093
1,5.06026385911539
1,0.242939938881758
1,7.44347035768245
1,1.62581303825431
1,-0.346411684280626
1,2.36181786591796
1,-3.50791100131059
1,3.9575919186771
1,-1.25741050483671
1,3.38732966540889
1,1.28107091117498
1,3.91470062576813
1,3.00627825002679
1,7.44347035768245
1,-3.36858686562699
1,2.25823006241813
1,0.103754356758271
1,2.98739772336982
1,-1.10991304617922
1,-0.658707392183819
1,-1.41454822246863
1,-3.56459851855632
1,-0.608458438453267
1,2.87017805154527
1,0.326827408675668
1,3.15669857307104
1,0.663026600331727
1,2.38853201826068
1,-0.334866310638321
1,2.38234692240687
1,-0.23881679729169
1,1.32419242584379
1,2.6749545150782
1,1.81792455082784
1,0.61882857101001
1,0.263428746345554
1,-0.629655319564756
1,3.96962313295644
1,-0.885429047129328
1,0.353177480867044
1,-0.911495074448142
1,1.8535832309195
1,2.19340043172244
1,-2.26595494561794
1,-0.421551857885276
1,3.36804854272905
1,-0.192421800471373
1,-0.669847634052316
1,0.0999743113856655
1,-2.30012470676149
1,-2.35306710064257
1,-1.15606775945828
1,2.39649692296947
1,-1.77239164106899
1,3.75524120330075
1,-2.06170310271703
1,0.0215551615208727
1,0.799516230914267
1,0.210466434807026
1,1.1751637178621
1,-0.0900057721653323
1,0.525915243722772
1,0.769737685270934
1,7.44347035768245
1,-0.307856545651568
1,-2.69813353782923
1,5.87871142534544
1,7.44347035768245
1,-2.48943746634743
1,0.135701860709817
1,-0.882995340636569
1,-1.08444988265911
1,1.00188414765947
1,1.80509804294068
1,3.59832683957338
1,-1.44700478673744
1,-0.770060306947699
1,2.20417777273146
1,0.0533224006669096
1,1.77162357049945
1,2.86820135531764
1,-1.45525729034672
1,0.96607958757906
1,1.44259569148771
1,1.56884643981723
1,1.16135709665539
1,-1.92652568093533
1,-0.379526881419101
1,1.19268891045677
1,1.93391896687782
1,1.5500756012275
1,-2.43435777198751
1,0.384999308428594
1,-1.36975609608953
1,1.70959656304395
1,4.27029295471179
1,-2.20442747294408
1,4.44408630234084
1,-0.183066037467094
1,1.0262280117033
1,0.858514040632419
1,-2.67238260169578
1,-0.249820059614637
1,0.610338890086507
1,-1.21802389190564
1,-1.37135482249091
1,2.2864552239497
1,0.0958802033944255
1,7.44347035768245
1,-0.171376394764321
1,2.98340124533336
1,-2.79903446258833
1,-0.65826444577716
1,1.60589371490623
1,3.67732018299336
1,0.792615227022532
1,7.44347035768245
1,-1.00961131757585
1,1.89121687579774
1,2.37422106512091
1,3.87461147849344
1,3.00969347764309
1,2.84644121002199
1,4.44621582758016
1,0.770593066424568
1,1.7228972025106
1,-0.412941828985481
1,-1.35033784886866
1,0.220818043602712
1,-0.240994046361079
1,-1.935379473283
1,-1.9975321211432
1,-0.247146455151339
1,0.934651890642965
1,0.552893209389109
1,-0.538340604681755
1,3.9338891234879
1,1.98334313607293
1,1.94555712108729
1,-2.55770432280029
1,1.22179155599936
1,-0.852855707098689
1,-1.61957501451149
1,1.60596445343864
1,2.26285236217249
1,-2.15731573357819
1,2.0302250987139
1,4.95531351577574
1,0.109876175018841
1,-0.810462444244884
1,-2.56009434882783
1,1.4829564621729
1,-0.483137753066824
1,-1.10648643308188
1,-2.18452862805158
1,3.47543017199287
1,0.940480182100741
1,2.62396637192837
1,0.395394796762063
1,6.07767806700867
1,1.94577724577752
1,-1.01850673778957
1,-2.60906308445867
1,0.328219292326254
1,-1.22472097839732
1,0.958353716850211
1,0.548396826943746
1,-1.24903787288888
1,-3.74132990198193
1,0.166697208735335
1,-0.467394467122931
1,0.20826832230426
1,1.68802276641977
1,2.27814641805959
1,0.3322402992559
1,2.79047851467957
1,-0.164888945725248
1,-3.50178330608215
1,-0.612570527218354
1,-0.828335880108483
1,-1.84278866280352
1,-1.51775947046444
1,0.026858238355349
1,2.55221884594098
1,0.0531848330972232
1,-2.56186511039315
1,2.62440183603842
1,0.456574109959469
1,-0.219379620857733
1,1.68091112644539
1,-0.833095527945085
1,-2.89309580107906
1,-1.18366558079678
1,-2.04979109940106
1,1.96934911880028
1,1.12714618341152
1,0.773151825689702
1,1.77876449259834
1,3.78566609449394
1,-1.8946592856869
1,6.89801599133551
1,0.243812515276392
1,-1.25980007263951
1,3.76758949159337
1,5.35194832592526
1,-0.204441871923569
1,0.667802430695853
1,-1.53750408757324
1,1.84304790368196
1,-1.1769623853661
1,0.732836107845271
1,-0.119990634583634
1,1.77006856536204
1,-0.824779935015041
1,0.402160770699547
1,2.0356322786392
1,-1.17652360655613
1,0.564147105217187
1,-0.161321974569512
1,-0.632209154996818
1,-1.80395985151624
1,0.0734925835908009
1,-1.68331191096743
1,7.44347035768245
1,5.6018207213709
1,3.57897732339819
1,3.34317961904038
1,-2.4080212025663
1,-0.69024922962801
1,-0.577871512446986
1,-2.51179361657182
1,-0.837284158447409
1,7.44347035768245
1,1.62617380293826
1,0.825914774749307
1,2.04105024040303
1,1.00540078006867
1,-1.97063458727992
1,-1.38751502920279
1,-0.149057277463202
1,3.74001928190464
1,-1.65936593279893
1,5.4048932990094
1,3.51596714619594
1,-0.654194988408207
1,0.570214860688793
1,1.02759581536798
1,5.13640100589465
1,2.41799810990165
1,0.649176306686585
1,3.98223834074406
1,-1.2954657666579
1,6.11984083167328
1,2.14485079953647
1,-0.70241787207869
1,0.542690735398142
1,-0.297980111506641
1,1.33455210772258
1,2.33545413767917
1,2.89052582340525
1,2.75298223298059
1,6.52653879424937
1,5.17543142217628
1,4.77596288464535
1,-1.40458657016552
1,0.111674104839362
1,3.96446541901673
1,1.51211387433282
1,-0.0895486467294501
1,0.00127182004719974
1,0.534371323506551
1,-1.35727661386065
1,0.026115384646287
1,-0.895929158696562
1,1.64783217371254
1,-1.62722759593561
1,0.165585742822008
1,0.861001860849169
1,6.48917855285856
1,0.211017732416794
1,0.0377034025586984
1,2.11670279542473
1,0.195359531852357
1,1.01328002305817
1,2.67738718925308
1,1.36386917451592
1,0.13841611387487
1,-2.85499428550073
1,-0.36535513013921
1,0.112527509589857
1,-3.09774978147956
1,-0.265586343658838
1,1.76328462344242
1,-1.24549977336113
1,0.622080529984435
1,-0.840600374557304
1,-0.648922939377793
1,0.872813617786076
1,-0.605108313575878
1,-0.106688488989113
1,4.74573545014893
1,1.7347424958514
1,-1.81816909975184
1,-1.16427020626262
1,2.40432737940765
1,-1.46774600092016
1,2.21899837674055
1,-1.35364777269899
1,1.15033837856773
1,-1.00271647707703
1,-2.45980569078643
1,-0.0395034140587162
1,-1.22910879379954
1,1.18484274441963
1,-1.34806229297943
1,-0.562545467682101
1,-0.329119499641609
1,1.22416312908929
1,1.27931581816769
1,4.48854382615312
1,-2.75241413712901
1,2.37302365853253
1,-0.293483418091555
1,-2.79146195822769
1,4.03982670143989
1,-0.610690305821545
1,0.144800616948175
1,-0.98111798657216
1,3.26190889093094
1,1.97121657402137
1,4.82933286476875
1,-1.06090646472967
1,-1.9112261269473
1,-1.86919181110179
1,2.60913945527064
1,1.69286187633121
1,1.82903213093592
1,-0.549629328062601
1,4.44687671667127
1,-2.25145298565986
1,0.505538405886513
1,-1.97752348151674
1,1.74744626419657
1,-1.61417199160295
1,-3.32077416010863
1,0.41111455195792
1,0.540242557549074
1,1.04103404592962
1,1.71286065291333
1,-1.13287537559268
1,0.772599246197086
1,-0.217940659812353
1,6.44377046107596
1,5.01897067867969
1,1.08257868643941
1,-2.97106646034536
1,-0.185011738012276
1,-2.02185074028071
1,-1.16238699612771
1,-1.93301499291456
1,-3.53530581236653
1,-0.591099685463282
1,0.0129286324821896
1,0.740263518247653
1,7.44347035768245
1,-0.434702790608791
1,-0.131264787061262
1,0.313959223969166
1,1.61650297628216
1,1.15148656145751
1,-1.94100266660648
1,0.533876329963153
1,1.53498273137997
1,-1.02497812407137
1,3.52315261507298
1,-2.60645635575211
1,1.3368795980347
1,3.80850793928435
1,5.93317254810275
1,-0.529374310346104
1,1.365404821188
1,2.07579346105465
1,0.129092199427097
1,-1.16696494799041
1,-1.11190091028873
1,-4.25653881494454
1,3.05091603898119
1,3.87418333994426
1,1.06978821395298
1,0.6670619066161
1,1.74837216006572
1,1.75725603600862
1,-0.482635934449608
1,0.977164868575757
1,0.0817809713227132
1,-1.06022139571044
1,2.12373847787507
1,1.40829697281934
1,-1.97208110419867
1,2.66319404247719
1,2.50304197674995
1,-2.56095672600197
1,-0.307213008572145
1,7.44347035768245
1,2.65526944872627
1,3.68790235501249
1,4.48527743678332
1,3.24063078052744
1,-1.79425441454223
1,2.0040928502841
1,1.83190465827341
1,-0.231096981234584
1,-1.08767992613954
1,2.30632417179334
1,7.44347035768245
1,0.171182838880934
1,-0.425435305414947
1,1.43020989059525
1,0.133729841584216
1,2.08367296140325
1,-0.392787203771364
1,0.850372932889549
1,-1.0816402143833
1,-2.33866924560321
1,-0.298268874017809
1,1.60139434318168
1,3.08169864971889
1,0.94840247534413
1,0.464212227265194
1,0.84294657332048
1,0.619899252452025
1,-2.31054094338968
1,-1.30537733419321
1,6.34954093235945
1,-0.54036428017768
1,-2.28074626316251
1,2.29083839472466
1,4.10685568949416
1,2.09211080132292
1,-1.64183318662364
1,-2.73082395637458
1,-0.276239398323923
1,-0.31309408962686
1,-0.523940370895634
1,-0.31135274588484
1,-2.63084562140818
1,4.38087144395748
1,-1.61689506747672
1,1.94422271340737
1,-1.79917733632458
1,1.06389116027813
1,-0.0602216624463698
1,1.60995534159967
1,-0.743864182428798
1,4.88841923918459
1,0.192449700271095
1,-2.35694048927469
1,-1.49566566328624
1,3.70535850529945
1,0.614061725908873
1,2.24352535330628
1,-0.733196109891049
1,4.80743330073604
1,-2.89958565883972
1,-2.73828942786427
1,1.10200063592988
1,2.35950008996415
1,0.485607081667674
1,-3.32441815263678
1,-3.20984994349643
1,-2.05939554438137
1,0.115734048881757
1,3.68989003223767
1,2.19943325070143
1,2.36662466068991
1,-0.875669898344521
1,-1.78349129886658
1,-1.02833129577428
1,-0.775157779498422
1,-0.14831868448751
1,-2.57875282127518
1,-2.29207354485337
1,-3.89676781637172
1,-2.32559182938038
1,2.11258391065439
1,2.72001737011852
1,3.92276265593342
1,2.41665374399443
1,0.667611872497654
1,-0.0533620062773332
1,4.29830239436557
1,-1.79297023205843
1,-0.73281431870568
1,6.81093696172957
1,5.03451571799044
1,2.21795365246717
1,-2.08525294290072
1,2.46239679890688
1,0.652664192630293
1,-1.1856771076597
1,0.735312628413108
1,0.721595660130976
1,4.42913888639138
1,-3.11664500301288
1,7.44347035768245
1,0.402970719065088
1,-0.0545121351281802
1,-3.51006957035818
1,4.16913897604364
1,0.610290368815483
1,4.07019934957359
1,1.94163312991447
1,-2.10211424844025
1,0.997217262594763
1,-1.73280683522417
1,-0.152302232527205
1,-1.19721089200263
1,2.699765966987
1,7.44347035768245
1,0.833573578363747
1,-0.639552719313467
1,-2.22792204642614
1,3.81281422320537
1,3.08163009468225
1,-0.999885562380254
1,-1.65462690945146
1,-2.68277035018645
1,-0.750893203783575
1,3.50784693684087
1,-1.39448704013294
1,-0.954012922587905
1,3.50477307340289
1,-0.379157988853873
1,2.58346690047286
1,3.04206687678845
1,-0.661269106220686
1,2.41145690152681
1,4.52419223321102
1,1.68094202317642
1,1.93349403581098
1,0.321897482165476
1,-2.45714132330304
1,-1.18696574738878
1,4.90280755146555
1,1.4722803584389
1,-0.424962037283151
1,2.43338704249882
1,0.295683374619861
1,1.37392765296901
1,-1.31557075247522
1,-1.35501547882157
1,-1.2239261337638
1,6.67229578895475
1,-1.60674059306896
1,2.69237077805133
1,3.10003801979222
1,0.381236436008269
1,4.2227687033739
1,0.506981303549656
1,3.66287111326937
1,-0.569565399503675
1,-2.46736277910928
1,2.87981604121089
1,-0.0946477939266335
1,-1.53507983758101
1,-0.573518720511693
1,-1.47410026367373
1,0.581453914382645
1,1.023633880576
1,1.77016867751038
1,-4.21659629362128
1,7.44347035768245
1,2.06152163827461
1,-3.76024482391666
1,0.419839880056855
1,1.17737459591262
1,-1.67201779319417
1,1.79801283703612
1,-4.07817088955815
1,-2.194946330111
1,-0.435215383525894
1,7.00306297185782
1,-3.11299536634383
1,-2.07246636850551
1,0.128218352163468
1,3.48592829644321
1,2.01957988129147
1,0.96235902939066
1,-2.88816081180107
1,2.12752382709854
1,-0.116772619781673
1,1.89407841497711
1,0.808883720695664
1,3.92563149761199
1,-2.67859450593278
1,3.18896817236124
1,-0.971096904023173
1,0.650541834088013
1,0.736206127446148
1,2.42231386138229
1,3.88038333674422
1,0.945609538997294
1,-0.563794420133875
1,1.21734395402625
1,0.240809819985948
1,-1.78253945719714
1,-2.14123469641467
1,3.62550981501152
1,-0.147242933781603
1,1.62016999208929
1,-0.738933971646255
1,-1.46431156668046
1,0.548255906083801
1,1.26992514369211
1,2.30457996812125
1,0.441433803320536
1,0.773776247578638
1,-0.355191454019724
1,5.61271846571771
1,-0.402660246748793
1,0.167363812669789
1,-0.843321794168605
1,-0.288244998172318
1,0.325490378326211
1,3.14911148134011
1,-1.31207420567754
1,0.780291370161782
1,-0.284600779748769
1,3.03390362902378
1,2.18052681785489
1,5.21857699869468
1,7.44347035768245
1,-0.913179947811305
1,0.0522287265332238
1,0.514426881597898
1,2.09646877201706
1,0.894670441429525
1,3.309926155771
1,0.157862972382477
1,-2.98148505046693
1,-1.22564697751459
1,0.764304522506788
1,1.03511346649983
1,4.28512256024438
1,0.924266346205323
1,1.77183578901607
1,6.63698585328448
1,-1.99855703812002
1,3.86130633747576
1,1.38821486477377
1,-3.06039829840374
1,1.3983273967322
1,0.538715950589248
1,0.974413526951357
1,1.32661576540226
1,1.64792617423981
1,1.49996868700556
1,7.44347035768245
1,2.70225901764668
1,-0.480952753828877
1,-1.97023850480179
1,-2.55347357648351
1,2.28479919454773
1,2.35632666120547
1,4.90458743290399
1,-0.197492963698642
1,-0.295850142342848
1,-0.636518849732567
1,-0.235250234169896
1,0.191373906141192
1,0.643802479842385
1,-1.82103545377848
1,1.40177664951016
1,-0.451978322034189
1,7.44347035768245
1,-1.02866024454686
1,4.87443444238539
1,-1.63978268296534
1,-0.904543175896407
1,1.7170185968098
1,2.00572090532484
1,-2.18010078184225
1,-2.17654427837143
1,5.3007835554013
1,-0.890758992671739
1,3.01361354235991
1,0.681886880067621
1,0.796674211800616
1,1.31227976519263
1,1.64394621494825
1,3.82783964819157
1,2.0095004063899
1,1.80182724599251
1,0.699130922859981
1,-2.84524173461434
1,5.52529460348699
1,-2.10656457733959
1,-1.81205275060708
1,3.43751875798414
1,1.59808888716497
1,2.80906921229912
1,0.206460056270653
1,2.64082613992122
1,-0.551879744494045
1,3.69315838204039
1,4.06976700957041
1,0.00944260523861043
1,0.0090048778794887
1,-1.95525288080836
1,-2.53411981102243
1,-0.333092792341677
1,-1.62785104781571
1,-1.2378195708789
1,-1.9777249157397
1,4.29139768011023
1,-1.82277403470969
1,0.722579437232508
1,1.57834700533318
1,-4.16902821677777
1,-1.98698442218996
1,-1.4059501126537
1,2.78715421589256
1,-0.914544551938268
1,-1.9649032145053
1,1.7211135236113
1,3.9204830672356
1,-1.67181086685567
1,5.968881227249
1,-0.931655035498851
1,6.23926448084095
1,1.79632987065051
1,-0.683556988111957
1,-1.51138554620286
1,3.97820951965121
1,4.10403947639595
1,0.960028286869157
1,-3.51090517775076
1,-0.966739866317835
1,-0.511144881776482
1,-3.32122146223475
1,-2.69303480431453
1,-0.385596768617008
1,2.0250111510105
1,3.56926853732114
1,-0.480621189324785
1,-3.24425982599566
1,-1.30858220133675
1,1.06810305639822
1,1.3618059067847
1,1.64154249278817
1,-0.282106578503619
1,-0.998189196958958
1,-1.36859504786525
